Lp;Numer;P³eæ;Rocznik;Kat wiekowa;Czas
No.;Bib;Sex;YoB;Age Group;Time
1;1980;M / 97;1980;M3 / 29;01:07:05
2;295;M / 128;1978;M3 / 42;01:09:02
3;97;M / 195;1964;M5 / 11;01:14:05
4;528;K / 57;1987;K2 / 16;01:32:02
5;3266;M / 384;1974;M4 / 99;01:25:47
6;1249;M / 90;2000;M1 / 9;01:06:22
7;2971;M / 399;1981;M3 / 146;01:27:02
8;813;M / 125;1970;M4 / 26;01:08:48
9;3495;M / 35;1996;M2 / 8;01:01:42
10;1086;M / 354;1966;M5 / 26;01:23:23
11;3415;M / 205;2003;MM / 7;01:14:27
12;3290;M / 271;1991;M2 / 37;01:17:56
13;3584;M / 370;1985;M3 / 132;01:24:36
14;932;M / 46;1975;M4 / 8;01:02:48
15;3207;M / 127;1957;M5 / 8;01:09:01
16;2061;M / 37;1992;M2 / 9;01:01:50
17;1011;M / 443;2008;MM / 26;01:33:30
18;2444;K / 2;2002;K0 / 1;01:07:28
19;1607;M / 116;1979;M3 / 39;01:08:05
20;801;M / 326;1981;M3 / 117;01:21:15
21;1302;M / 486;1984;M3 / 171;01:52:29
22;296;M / 210;1979;M3 / 72;01:14:46
23;290;M / 339;1953;M6 / 13;01:22:06
24;1609;M / 220;1980;M3 / 75;01:15:11
25;3594;M / 352;1993;M2 / 47;01:22:54
26;430;K / 43;1974;K4 / 6;01:26:37
27;4062;M / 490;1980;M3 / 173;01:57:54
28;1842;K / 80;1976;K4 / 15;01:51:23
29;3217;M / 158;1980;M3 / 54;01:11:33
30;1712;M / 265;2002;M0 / 19;01:17:44
31;353;M / 334;1961;M5 / 23;01:21:39
32;1339;M / 449;1970;M4 / 121;01:35:43
33;1808;M / 281;1956;M6 / 10;01:18:38
34;3481;M / 249;1979;M3 / 87;01:16:51
35;3226;M / 329;1994;M2 / 42;01:21:22
36;2302;M / 29;2000;M1 / 5;01:00:59
37;1425;M / 292;1981;M3 / 102;01:19:01
38;926;M / 164;1982;M3 / 57;01:12:11
39;3527;M / 310;1974;M4 / 81;01:20:06
40;70;M / 111;2003;MM / 3;01:07:55
41;606;M / 243;1972;M4 / 62;01:16:42
42;2989;M / 256;1974;M4 / 67;01:17:11
43;440;K / 49;1989;K2 / 14;01:29:25
44;443;M / 409;1986;M3 / 150;01:27:42
45;488;M / 47;1973;M4 / 9;01:03:03
46;2934;M / 215;1972;M4 / 51;01:15:05
47;1959;M / 468;2002;M0 / 23;01:40:35
48;3125;M / 13;1984;M3 / 6;00:58:38
49;2099;M / 24;1978;M3 / 8;00:59:48
50;4031;M / 138;1984;M3 / 47;01:10:15
51;2828;M / 56;2002;M0 / 7;01:03:38
52;1974;M / 412;1974;M4 / 108;01:27:58
53;731;M / 185;1973;M4 / 44;01:13:31
54;732;M / 302;2005;MM / 16;01:19:40
55;733;M / 430;2004;MM / 25;01:31:39
56;973;M / 332;1974;M4 / 89;01:21:35
57;1881;M / 355;1978;M3 / 126;01:23:36
58;3526;M / 129;2002;M0 / 14;01:09:09
59;853;M / 115;2000;M1 / 11;01:08:05
60;2238;M / 309;1985;M3 / 111;01:20:05
61;121;M / 14;1981;M3 / 7;00:58:39
62;366;M / 107;1981;M3 / 35;01:07:41
63;1314;M / 78;1982;M3 / 23;01:05:32
64;3279;M / 247;1973;M4 / 63;01:16:50
65;1134;M / 472;1969;M4 / 126;01:42:47
66;3628;K / 9;1988;K2 / 5;01:11:49
67;3567;M / 146;2004;MM / 4;01:10:40
68;3476;M / 240;1978;M3 / 83;01:16:37
69;3416;M / 431;1972;M4 / 114;01:31:54
70;2318;M / 439;1979;M3 / 159;01:33:21
71;657;M / 63;1998;M2 / 13;01:04:11
72;3270;K / 45;1999;K1 / 3;01:27:02
73;3413;M / 178;1980;M3 / 62;01:13:10
74;3269;M / 435;1969;M4 / 116;01:32:46
75;132;K / 18;1979;K3 / 6;01:16:14
76;3004;M / 296;1986;M3 / 106;01:19:22
77;417;M / 21;1994;M2 / 4;00:59:27
78;2270;K / 56;2005;KM / 4;01:31:01
79;1422;M / 293;1980;M3 / 103;01:19:04
80;834;M / 340;1960;M5 / 24;01:22:09
81;179;M / 289;1966;M5 / 17;01:18:58
82;2747;M / 98;1959;M5 / 6;01:07:12
83;2806;K / 53;1961;K5 / 2;01:30:08
84;547;M / 174;1978;M3 / 61;01:12:51
85;2514;K / 12;2002;K0 / 4;01:13:45
86;864;M / 189;2002;M0 / 16;01:13:38
87;4067;K / 94;1996;K2 / 23;02:31:19
88;3475;M / 492;1973;M4 / 131;01:59:22
89;1557;M / 279;1955;M6 / 9;01:18:29
90;3241;M / 32;1982;M3 / 12;01:01:23
91;3576;M / 298;1989;M2 / 39;01:19:26
92;1003;M / 261;1980;M3 / 91;01:17:27
93;1527;M / 28;1959;M5 / 1;01:00:31
94;2266;M / 30;1965;M5 / 2;01:01:02
95;854;M / 221;1954;M6 / 6;01:15:17
96;1637;M / 208;2005;MM / 8;01:14:42
97;3473;M / 491;1972;M4 / 130;01:58:54
98;999;M / 294;1978;M3 / 104;01:19:17
99;2939;M / 313;1979;M3 / 112;01:20:23
100;3396;M / 455;2004;MM / 28;01:37:32
101;4072;M / 487;2009;MM / 31;01:52:42
102;896;M / 488;1978;M3 / 172;01:52:45
103;193;M / 60;1953;M6 / 1;01:03:54
104;1412;K / 51;1994;K2 / 15;01:29:41
105;3012;M / 242;1985;M3 / 85;01:16:38
106;3274;M / 465;1989;M2 / 55;01:39:13
107;3169;K / 1;1988;K2 / 1;01:07:26
108;865;K / 52;2003;KM / 3;01:30:04
109;2673;M / 484;2007;MM / 30;01:49:23
110;3544;M / 375;1983;M3 / 136;01:24:52
111;2723;M / 346;1974;M4 / 91;01:22:29
112;3268;M / 304;1996;M2 / 40;01:19:50
113;747;K / 4;1988;K2 / 2;01:08:43
114;3273;M / 333;1993;M2 / 43;01:21:36
115;103;M / 194;1968;M4 / 47;01:13:58
116;3410;K / 77;1993;K2 / 20;01:46:20
117;941;K / 34;2001;K0 / 7;01:22:51
118;3548;M / 278;2002;M0 / 20;01:18:19
119;997;M / 379;1977;M3 / 139;01:25:05
120;255;M / 395;1980;M3 / 144;01:26:32
121;3054;M / 442;1953;M6 / 19;01:33:28
122;670;M / 34;1994;M2 / 7;01:01:41
123;1046;M / 62;2002;M0 / 8;01:04:09
124;691;M / 121;1984;M3 / 40;01:08:25
125;988;K / 14;1980;K3 / 3;01:15:05
126;356;M / 76;1967;M4 / 13;01:05:27
127;148;M / 135;1978;M3 / 44;01:09:53
128;3221;M / 345;1979;M3 / 123;01:22:27
129;1963;M / 338;1976;M4 / 90;01:22:01
130;714;M / 184;1981;M3 / 65;01:13:29
131;180;M / 65;1985;M3 / 19;01:04:20
132;3575;M / 503;1975;M4 / 133;04:28:19
133;3574;M / 504;2010;MM / 37;04:28:21
134;1348;M / 286;1967;M4 / 77;01:18:53
135;2188;M / 266;1976;M4 / 70;01:17:48
136;2189;K / 21;2005;KM / 1;01:17:52
137;3468;M / 274;1976;M4 / 72;01:18:13
138;3122;K / 62;1980;K3 / 17;01:35:35
139;396;K / 13;1991;K2 / 7;01:15:00
140;2544;M / 358;2006;MM / 20;01:23:55
141;3534;M / 52;2004;MM / 2;01:03:18
142;4000;M / 393;1971;M4 / 102;01:26:27
143;1572;M / 451;1968;M4 / 123;01:35:46
144;3391;M / 67;2002;M0 / 9;01:04:24
145;3192;M / 417;1969;M4 / 109;01:29:26
146;2192;K / 15;1983;K3 / 4;01:15:33
147;3029;M / 200;1984;M3 / 69;01:14:20
148;158;M / 20;1974;M4 / 3;00:59:20
149;3516;M / 166;1975;M4 / 35;01:12:20
150;1509;K / 35;2003;KM / 2;01:23:08
151;4036;M / 206;1987;M2 / 35;01:14:29
152;4334;M / 305;1976;M4 / 80;01:19:56
153;1397;M / 8;1981;M3 / 2;00:57:45
154;740;M / 290;1985;M3 / 101;01:18:58
155;2951;M / 372;1978;M3 / 134;01:24:49
156;1267;M / 5;1999;M1 / 1;00:56:45
157;1268;M / 327;1975;M4 / 87;01:21:19
158;3406;K / 20;1967;K4 / 1;01:16:29
159;4035;M / 201;1986;M3 / 70;01:14:22
160;3587;M / 457;1999;M1 / 13;01:38:24
161;3773;K / 37;1999;K1 / 1;01:24:14
162;1349;M / 155;1993;M2 / 29;01:11:20
163;3470;M / 474;1996;M2 / 56;01:43:10
164;3593;M / 330;1975;M4 / 88;01:21:26
165;942;K / 44;2002;K0 / 9;01:26:58
166;2946;M / 456;1956;M6 / 21;01:38:01
167;3515;M / 203;2001;M0 / 18;01:14:24
168;3513;M / 2;2001;M0 / 1;00:55:57
169;3085;M / 137;1986;M3 / 46;01:10:12
170;634;M / 235;1982;M3 / 79;01:16:20
171;3467;M / 444;1981;M3 / 161;01:33:35
172;2916;M / 71;1996;M2 / 15;01:05:06
173;1220;M / 413;2002;M0 / 22;01:28:04
174;4070;M / 501;2007;MM / 35;02:24:42
175;523;M / 234;1957;M5 / 14;01:16:19
176;543;K / 19;1989;K2 / 8;01:16:16
177;2621;M / 83;1987;M2 / 17;01:05:56
178;3471;M / 183;1989;M2 / 32;01:13:25
179;3385;M / 342;1980;M3 / 121;01:22:15
180;2794;M / 179;1984;M3 / 63;01:13:10
181;2868;M / 84;1975;M4 / 17;01:05:57
182;202;M / 134;1968;M4 / 28;01:09:43
183;349;K / 26;1988;K2 / 11;01:20:35
184;3186;M / 377;1963;M5 / 30;01:24:54
185;475;M / 156;1987;M2 / 30;01:11:22
186;2885;M / 227;1983;M3 / 78;01:15:43
187;4071;M / 502;2006;MM / 36;02:31:22
188;2988;M / 141;1984;M3 / 49;01:10:25
189;3583;M / 351;1987;M2 / 46;01:22:53
190;3099;M / 188;1985;M3 / 66;01:13:33
191;3196;M / 306;1984;M3 / 110;01:20:00
192;2784;M / 364;1983;M3 / 128;01:24:18
193;438;M / 470;1974;M4 / 125;01:42:39
194;215;M / 38;1985;M3 / 13;01:02:26
195;2741;M / 374;1973;M4 / 97;01:24:50
196;178;M / 69;1999;M1 / 8;01:04:44
197;1501;M / 303;1966;M5 / 18;01:19:42
198;609;K / 46;1969;K4 / 7;01:27:13
199;448;M / 396;1953;M6 / 16;01:26:49
200;1039;M / 416;1943;M6 / 18;01:29:17
201;1039;M / 416;1943;M6 / 18;01:29:17
202;607;K / 79;1968;K4 / 14;01:48:28
203;3412;M / 335;1982;M3 / 119;01:21:39
204;2791;K / 39;1973;K4 / 5;01:25:19
205;2789;M / 198;2001;M0 / 17;01:14:13
206;2790;M / 282;1973;M4 / 75;01:18:40
207;1886;M / 211;1973;M4 / 49;01:14:48
208;855;M / 180;1967;M4 / 42;01:13:12
209;1200;M / 160;1951;M6 / 4;01:11:38
210;3180;M / 165;1982;M3 / 58;01:12:16
211;930;M / 312;1976;M4 / 83;01:20:22
212;1038;M / 464;1980;M3 / 165;01:39:11
213;3521;M / 314;1975;M4 / 84;01:20:30
214;3214;M / 426;1980;M3 / 155;01:31:00
215;728;K / 75;1984;K3 / 23;01:44:39
216;2059;M / 169;1984;M3 / 59;01:12:35
217;2917;M / 318;1959;M5 / 20;01:20:48
218;100;M / 161;1969;M4 / 33;01:11:58
219;640;M / 25;1983;M3 / 9;00:59:56
220;3458;M / 328;1959;M5 / 22;01:21:21
221;2254;M / 337;1981;M3 / 120;01:21:58
222;3447;M / 23;2001;M0 / 4;00:59:42
223;2039;M / 148;1971;M4 / 29;01:10:44
224;842;M / 163;1981;M3 / 56;01:12:05
225;1089;M / 186;1969;M4 / 45;01:13:32
226;1090;M / 187;2003;MM / 6;01:13:32
227;1776;M / 408;1985;M3 / 149;01:27:36
228;923;M / 112;1981;M3 / 37;01:07:55
229;3106;M / 7;2000;M1 / 2;00:57:35
230;1324;M / 171;1987;M2 / 31;01:12:45
231;3254;M / 99;1978;M3 / 30;01:07:22
232;947;M / 269;1979;M3 / 95;01:17:50
233;336;K / 82;1972;K4 / 16;01:54:43
234;1857;K / 16;2001;K0 / 5;01:15:44
235;646;M / 81;1982;M3 / 24;01:05:51
236;3291;M / 301;1981;M3 / 109;01:19:38
237;165;M / 191;1965;M5 / 10;01:13:52
238;358;M / 204;1956;M6 / 5;01:14:27
239;4048;M / 140;1988;M2 / 25;01:10:22
240;3582;M / 437;1981;M3 / 158;01:33:04
241;3215;M / 55;1986;M3 / 16;01:03:34
242;144;K / 66;1959;K5 / 4;01:38:28
243;3529;K / 69;1981;K3 / 21;01:41:19
244;119;M / 258;1954;M6 / 7;01:17:24
245;2178;K / 84;1976;K4 / 17;01:59:07
246;2279;M / 325;1962;M5 / 21;01:21:13
247;3386;M / 48;2000;M1 / 7;01:03:08
248;1144;M / 471;1966;M5 / 37;01:42:46
249;1968;M / 190;1968;M4 / 46;01:13:44
250;297;K / 74;1972;K4 / 12;01:44:23
251;1809;M / 496;1979;M3 / 174;02:10:35
252;2002;M / 123;1966;M5 / 7;01:08:29
253;3276;M / 380;1977;M3 / 140;01:25:13
254;1191;M / 336;2004;MM / 18;01:21:41
255;1988;M / 68;1988;M2 / 14;01:04:40
256;2197;M / 411;1969;M4 / 107;01:27:47
257;1672;M / 308;1962;M5 / 19;01:20:04
258;398;M / 406;1959;M5 / 33;01:27:25
259;58;M / 267;1955;M6 / 8;01:17:50
260;903;M / 423;1979;M3 / 153;01:30:29
261;856;M / 40;1966;M5 / 3;01:02:32
262;395;M / 54;1990;M2 / 12;01:03:33
263;3585;M / 349;1961;M5 / 25;01:22:47
264;1558;M / 324;1979;M3 / 116;01:21:11
265;53;M / 124;1989;M2 / 24;01:08:42
266;72;M / 230;1972;M4 / 58;01:15:58
267;1226;M / 17;1969;M4 / 1;00:58:54
268;3294;M / 385;1986;M3 / 142;01:25:50
269;1781;M / 133;1956;M6 / 2;01:09:19
270;2815;K / 11;1983;K3 / 2;01:13:35
271;3206;M / 452;1980;M3 / 162;01:35:52
272;1654;M / 139;1984;M3 / 48;01:10:16
273;3234;M / 390;1970;M4 / 101;01:26:21
274;905;M / 143;1982;M3 / 51;01:10:29
275;2760;M / 172;1967;M4 / 38;01:12:46
276;3300;M / 441;1973;M4 / 118;01:33:24
277;3173;M / 151;1991;M2 / 28;01:10:51
278;3334;M / 270;1984;M3 / 96;01:17:55
279;1254;K / 24;2002;K0 / 6;01:19:08
280;101;K / 8;1982;K3 / 1;01:11:39
281;1151;K / 61;1981;K3 / 16;01:35:35
282;1150;M / 260;1972;M4 / 68;01:17:24
283;3375;K / 10;1993;K2 / 6;01:13:01
284;1962;M / 479;1962;M5 / 39;01:45:46
285;306;K / 63;1997;K2 / 17;01:36:48
286;797;M / 82;1972;M4 / 16;01:05:52
287;1469;M / 348;1983;M3 / 124;01:22:40
288;3479;M / 360;1974;M4 / 93;01:24:03
289;3478;M / 122;2002;M0 / 13;01:08:29
290;3282;K / 68;1990;K2 / 18;01:39:37
291;184;M / 319;1969;M4 / 86;01:20:53
292;329;M / 272;1984;M3 / 97;01:18:12
293;4073;M / 245;1980;M3 / 86;01:16:47
294;3032;M / 110;1989;M2 / 22;01:07:51
295;3483;M / 119;1967;M4 / 24;01:08:21
296;1571;K / 58;1986;K3 / 15;01:32:38
297;2750;M / 88;1981;M3 / 25;01:06:10
298;696;M / 428;1962;M5 / 34;01:31:21
299;3569;M / 388;1983;M3 / 143;01:26:07
300;496;M / 222;1970;M4 / 54;01:15:18
301;2821;M / 199;1999;M1 / 12;01:14:16
302;1518;M / 101;1971;M4 / 21;01:07:30
303;3285;M / 371;1977;M3 / 133;01:24:42
304;3006;M / 401;1976;M4 / 103;01:27:08
305;1884;M / 300;1977;M3 / 108;01:19:32
306;1290;M / 44;2000;M1 / 6;01:02:42
307;2307;M / 425;1983;M3 / 154;01:30:59
308;3565;M / 239;1969;M4 / 61;01:16:36
309;2832;K / 38;1999;K1 / 2;01:25:18
310;360;M / 102;1977;M3 / 32;01:07:32
311;1606;M / 421;1976;M4 / 111;01:29:54
312;2995;M / 144;1977;M3 / 52;01:10:29
313;3572;M / 297;1979;M3 / 107;01:19:23
314;1411;M / 448;1956;M6 / 20;01:35:02
315;3581;K / 65;1980;K3 / 19;01:37:46
316;1605;M / 285;1976;M4 / 76;01:18:47
317;734;M / 386;1947;M6 / 14;01:25:53
318;3280;M / 27;1988;M2 / 6;01:00:11
319;1568;M / 461;1981;M3 / 164;01:39:00
320;737;M / 89;1984;M3 / 26;01:06:21
321;3210;M / 79;1972;M4 / 14;01:05:38
322;2855;K / 25;1987;K2 / 10;01:19:19
323;3235;M / 383;1981;M3 / 141;01:25:45
324;1786;M / 150;1974;M4 / 30;01:10:45
325;726;K / 72;1970;K4 / 10;01:42:47
326;3589;M / 403;1975;M4 / 104;01:27:18
327;2258;M / 75;1982;M3 / 22;01:05:24
328;1213;K / 7;1991;K2 / 4;01:11:25
329;407;M / 12;1980;M3 / 5;00:58:22
330;2535;K / 6;1989;K2 / 3;01:10:56
331;3076;K / 54;1999;K1 / 4;01:30:15
332;3078;M / 424;1970;M4 / 113;01:30:42
333;2782;M / 6;1988;M2 / 2;00:57:24
334;3533;M / 176;2002;M0 / 15;01:13:01
335;2991;M / 10;2000;M1 / 3;00:58:09
336;1472;M / 74;1966;M5 / 5;01:05:13
337;1307;M / 311;1973;M4 / 82;01:20:18
338;1388;M / 193;1989;M2 / 33;01:13:54
339;1752;M / 438;1974;M4 / 117;01:33:08
340;1442;M / 33;1972;M4 / 4;01:01:24
341;3543;K / 78;1976;K4 / 13;01:46:21
342;3482;M / 482;1980;M3 / 169;01:49:05
343;3382;M / 36;1975;M4 / 5;01:01:46
344;126;M / 80;1974;M4 / 15;01:05:39
345;3292;K / 64;1979;K3 / 18;01:37:35
346;533;M / 26;1982;M3 / 10;01:00:02
347;918;M / 59;1977;M3 / 17;01:03:42
348;1550;M / 15;2001;M0 / 3;00:58:46
349;1989;K / 22;1989;K2 / 9;01:18:24
350;827;M / 152;1956;M6 / 3;01:11:04
351;2687;M / 226;1986;M3 / 77;01:15:38
352;3449;M / 357;1964;M5 / 27;01:23:53
353;1327;M / 130;1978;M3 / 43;01:09:09
354;434;K / 36;1962;K5 / 1;01:24:01
355;1158;M / 22;1991;M2 / 5;00:59:41
356;2976;M / 248;1961;M5 / 15;01:16:51
357;1745;M / 433;1961;M5 / 35;01:32:25
358;3517;M / 450;1973;M4 / 122;01:35:45
359;3083;M / 9;1985;M3 / 3;00:58:00
360;526;M / 57;1973;M4 / 10;01:03:39
361;1126;K / 48;1979;K3 / 13;01:28:39
362;1155;M / 196;1988;M2 / 34;01:14:07
363;1013;M / 497;1978;M3 / 175;02:10:41
364;819;M / 182;1979;M3 / 64;01:13:16
365;1576;M / 402;1986;M3 / 147;01:27:16
366;200;M / 92;1987;M2 / 19;01:06:30
367;2831;M / 96;2002;M0 / 11;01:07:04
368;2834;M / 42;1972;M4 / 7;01:02:34
369;1244;M / 31;1980;M3 / 11;01:01:11
370;508;M / 64;1977;M3 / 18;01:04:13
371;3485;M / 343;1984;M3 / 122;01:22:17
372;3157;M / 50;2004;MM / 1;01:03:16
373;3530;M / 217;1982;M3 / 74;01:15:05
374;1983;M / 100;1983;M3 / 31;01:07:23
375;1427;M / 381;1965;M5 / 31;01:25:37
376;2788;K / 31;1977;K3 / 9;01:21:42
377;1112;M / 95;1972;M4 / 20;01:06:51
378;940;M / 219;2005;MM / 10;01:15:10
379;511;K / 71;1991;K2 / 19;01:41:37
380;3289;M / 315;1982;M3 / 113;01:20:33
381;4074;M / 202;1983;M3 / 71;01:14:23
382;783;M / 284;1978;M3 / 100;01:18:43
383;1058;M / 419;1983;M3 / 152;01:29:46
384;223;M / 4;1993;M2 / 1;00:56:42
385;3333;M / 394;1989;M2 / 48;01:26:30
386;1333;M / 72;1983;M3 / 21;01:05:11
387;1957;M / 398;1957;M5 / 32;01:26:52
388;2918;M / 232;1973;M4 / 59;01:16:13
389;3540;M / 316;1984;M3 / 114;01:20:38
390;1292;M / 209;1976;M4 / 48;01:14:45
391;3592;M / 225;1969;M4 / 56;01:15:37
392;3568;M / 244;2004;MM / 12;01:16:43
393;116;M / 307;1951;M6 / 11;01:20:03
394;937;M / 118;1987;M2 / 23;01:08:12
395;684;M / 273;1976;M4 / 71;01:18:13
396;686;M / 475;1952;M6 / 24;01:43:35
397;685;K / 85;2003;KM / 6;01:59:27
398;1629;K / 59;1975;K4 / 8;01:34:45
399;1970;M / 264;1970;M4 / 69;01:17:40
400;2878;M / 252;1971;M4 / 65;01:16:54
401;1642;M / 373;1979;M3 / 135;01:24:49
402;3271;M / 159;1981;M3 / 55;01:11:34
403;3595;M / 498;2006;MM / 33;02:13:55
404;1408;K / 92;1977;K3 / 26;02:13:51
405;983;M / 109;1970;M4 / 23;01:07:44
406;2830;M / 462;1975;M4 / 124;01:39:03
407;3564;M / 255;1975;M4 / 66;01:17:11
408;974;M / 366;1972;M4 / 95;01:24:26
409;3484;M / 224;1984;M3 / 76;01:15:36
410;773;M / 317;1973;M4 / 85;01:20:40
411;1330;M / 362;1971;M4 / 94;01:24:14
412;203;M / 145;1983;M3 / 53;01:10:39
413;3297;M / 495;2005;MM / 32;02:06:29
414;1095;M / 147;1988;M2 / 26;01:10:42
415;2913;M / 350;1986;M3 / 125;01:22:50
416;2107;M / 105;1988;M2 / 21;01:07:39
417;901;M / 434;1969;M4 / 115;01:32:39
418;3525;M / 233;1976;M4 / 60;01:16:15
419;259;M / 387;1968;M4 / 100;01:26:03
420;1867;M / 238;1978;M3 / 82;01:16:34
421;1059;M / 287;2005;MM / 15;01:18:53
422;1147;M / 108;1981;M3 / 36;01:07:42
423;4058;M / 91;1986;M3 / 27;01:06:30
424;279;M / 168;1973;M4 / 37;01:12:27
425;556;M / 175;1975;M4 / 40;01:12:53
426;1616;M / 356;1981;M3 / 127;01:23:43
427;1744;M / 257;2005;MM / 13;01:17:13
428;3522;M / 236;1981;M3 / 80;01:16:30
429;757;K / 70;1981;K3 / 22;01:41:28
430;2959;M / 288;1969;M4 / 78;01:18:56
431;3514;M / 117;2001;M0 / 12;01:08:09
432;3264;M / 427;1983;M3 / 156;01:31:03
433;3563;M / 268;1986;M3 / 94;01:17:50
434;2839;M / 263;1979;M3 / 93;01:17:36
435;687;K / 89;1984;K3 / 25;02:07:22
436;497;M / 216;1973;M4 / 52;01:15:05
437;3223;M / 295;1980;M3 / 105;01:19:18
438;4111;M / 181;1969;M4 / 43;01:13:16
439;330;M / 103;1979;M3 / 33;01:07:32
440;567;K / 76;2004;KM / 5;01:45:48
441;3281;M / 86;1975;M4 / 18;01:06:02
442;789;M / 460;1981;M3 / 163;01:38:53
443;2429;M / 291;1990;M2 / 38;01:19:01
444;538;M / 485;1987;M2 / 57;01:52:24
445;857;M / 422;1974;M4 / 112;01:29:56
446;866;M / 231;2006;MM / 11;01:15:59
447;858;K / 60;1974;K4 / 9;01:34:57
448;3520;M / 432;1987;M2 / 51;01:32:24
449;383;M / 142;1983;M3 / 50;01:10:29
450;4068;K / 91;2005;KM / 7;02:11:41
451;2424;K / 93;1976;K4 / 21;02:14:49
452;3536;K / 86;1972;K4 / 18;01:59:42
453;4002;M / 480;1974;M4 / 127;01:48:05
454;64;M / 87;1974;M4 / 19;01:06:02
455;338;M / 466;1953;M6 / 22;01:39:37
456;4055;M / 418;1980;M3 / 151;01:29:35
457;770;M / 368;1970;M4 / 96;01:24:30
458;363;M / 11;1981;M3 / 4;00:58:10
459;3577;M / 391;1954;M6 / 15;01:26:25
460;2469;K / 90;1968;K4 / 20;02:07:25
461;1603;M / 353;1968;M4 / 92;01:22:57
462;893;M / 369;1986;M3 / 131;01:24:31
463;892;M / 126;1978;M3 / 41;01:08:49
464;3538;M / 500;1982;M3 / 176;02:23:41
465;3229;M / 19;1975;M4 / 2;00:59:11
466;3620;M / 253;1981;M3 / 89;01:17:00
467;719;M / 499;2007;MM / 34;02:17:06
468;152;M / 429;1990;M2 / 50;01:31:25
469;2903;M / 436;1985;M3 / 157;01:32:50
470;3230;M / 477;1983;M3 / 168;01:44:17
471;902;K / 88;1985;K3 / 24;02:03:53
472;380;K / 50;1977;K3 / 14;01:29:32
473;744;M / 378;1980;M3 / 138;01:24:54
474;1006;M / 157;1975;M4 / 32;01:11:29
475;3090;M / 420;1972;M4 / 110;01:29:50
476;2303;M / 192;1978;M3 / 67;01:13:52
477;164;M / 170;1981;M3 / 60;01:12:36
478;3541;M / 283;1984;M3 / 99;01:18:41
479;3532;M / 251;1986;M3 / 88;01:16:53
480;3218;M / 361;1957;M5 / 29;01:24:10
481;2737;M / 149;1990;M2 / 27;01:10:44
482;3531;M / 323;2003;MM / 17;01:21:08
483;1719;M / 476;1962;M5 / 38;01:43:55
484;4056;M / 453;2004;MM / 27;01:36:47
485;2275;M / 363;2002;M0 / 21;01:24:16
486;880;K / 47;1978;K3 / 12;01:28:02
487;1488;M / 481;1974;M4 / 128;01:48:48
488;2672;M / 473;1981;M3 / 167;01:43:04
489;3469;M / 276;1982;M3 / 98;01:18:15
490;3523;M / 167;1976;M4 / 36;01:12:27
491;3002;M / 114;1980;M3 / 38;01:08:01
492;1504;M / 197;1979;M3 / 68;01:14:11
493;1681;M / 397;1981;M3 / 145;01:26:52
494;81;M / 94;1981;M3 / 28;01:06:40
495;2241;M / 404;1982;M3 / 148;01:27:19
496;1801;M / 1;1978;M3 / 1;00:55:56
497;3209;M / 154;2003;MM / 5;01:11:17
498;170;K / 87;1970;K4 / 19;01:59:57
499;169;M / 177;1969;M4 / 41;01:13:03
500;911;M / 113;2000;M1 / 10;01:07:59
501;303;M / 454;1994;M2 / 53;01:36:51
502;1474;M / 299;1971;M4 / 79;01:19:27
503;1577;M / 132;1959;M5 / 9;01:09:10
504;1966;M / 275;1966;M5 / 16;01:18:14
505;1531;M / 106;1976;M4 / 22;01:07:39
506;474;M / 445;1969;M4 / 119;01:34:31
507;725;M / 389;2003;MM / 21;01:26:19
508;3528;M / 104;1984;M3 / 34;01:07:39
509;340;M / 483;1981;M3 / 170;01:49:21
510;4065;M / 459;1997;M2 / 54;01:38:41
511;3293;M / 458;2004;MM / 29;01:38:25
512;2727;M / 321;1951;M6 / 12;01:21:07
513;806;M / 120;1969;M4 / 25;01:08:24
514;807;K / 23;1970;K4 / 2;01:18:42
515;1381;K / 28;1982;K3 / 7;01:21:09
516;2306;M / 43;1985;M3 / 14;01:02:36
517;1483;M / 49;1992;M2 / 10;01:03:08
518;4064;M / 344;1989;M2 / 45;01:22:18
519;347;K / 29;1985;K3 / 8;01:21:23
520;2220;M / 77;2001;M0 / 10;01:05:30
521;4440;M / 223;1974;M4 / 55;01:15:18
522;845;M / 66;1982;M3 / 20;01:04:20
523;2473;M / 173;1975;M4 / 39;01:12:46
524;2026;K / 73;1970;K4 / 11;01:44:15
525;216;M / 410;1970;M4 / 106;01:27:45
526;3205;M / 347;2004;MM / 19;01:22:31
527;3571;M / 153;1973;M4 / 31;01:11:07
528;328;M / 212;1975;M4 / 50;01:14:50
529;1135;M / 493;1962;M5 / 40;02:04:03
530;1741;K / 27;1971;K4 / 3;01:20:52
531;175;M / 41;1975;M4 / 6;01:02:33
532;977;M / 229;1974;M4 / 57;01:15:57
533;1145;K / 33;1979;K3 / 11;01:22:22
534;3588;M / 246;1989;M2 / 36;01:16:50
535;3586;K / 55;1956;K5 / 3;01:30:34
536;3492;M / 467;1950;M6 / 23;01:39:42
537;1097;K / 32;1982;K3 / 10;01:21:50
538;1778;M / 367;1978;M3 / 130;01:24:29
539;249;M / 228;1965;M5 / 13;01:15:55
540;1197;K / 41;1997;K2 / 13;01:26:08
541;3224;M / 440;1978;M3 / 160;01:33:23
542;1775;K / 40;1987;K2 / 12;01:25:42
543;1928;M / 359;1966;M5 / 28;01:24:02
544;3743;M / 73;1987;M2 / 16;01:05:12
545;2211;M / 241;1982;M3 / 84;01:16:37
546;1066;M / 207;1962;M5 / 12;01:14:36
547;2612;M / 463;1966;M5 / 36;01:39:03
548;1414;M / 489;1972;M4 / 129;01:53:08
549;1610;M / 53;1988;M2 / 11;01:03:20
550;167;M / 213;1982;M3 / 73;01:15:02
551;1061;M / 392;2004;MM / 22;01:26:27
552;572;M / 250;1973;M4 / 64;01:16:52
553;1062;M / 259;2005;MM / 14;01:17:24
554;3071;M / 382;1969;M4 / 98;01:25:41
555;3448;M / 331;1982;M3 / 118;01:21:27
556;4120;M / 277;1968;M4 / 73;01:18:18
557;490;M / 58;1961;M5 / 4;01:03:42
558;867;K / 3;2002;K0 / 2;01:08:08
559;860;M / 162;1976;M4 / 34;01:12:00
560;868;K / 5;2002;K0 / 3;01:08:45
561;2743;M / 469;1980;M3 / 166;01:42:15
562;2895;M / 494;1975;M4 / 132;02:06:13
563;3216;M / 322;1987;M2 / 41;01:21:07
564;1309;K / 30;1971;K4 / 4;01:21:36
565;2882;M / 254;1981;M3 / 90;01:17:03
566;1897;M / 85;1987;M2 / 18;01:06:00
567;816;M / 16;1993;M2 / 3;00:58:53
568;3542;M / 262;1983;M3 / 92;01:17:33
569;1500;M / 93;1989;M2 / 20;01:06:35
570;862;M / 280;1971;M4 / 74;01:18:31
571;1906;M / 136;1979;M3 / 45;01:10:04
572;2109;K / 81;1988;K2 / 21;01:52:00
573;406;M / 45;2001;M0 / 6;01:02:46
574;1971;M / 61;1971;M4 / 11;01:04:03
575;1693;M / 3;2001;M0 / 2;00:56:06
576;3570;M / 478;1999;M1 / 14;01:44:41
577;480;M / 51;1977;M3 / 15;01:03:17
578;755;M / 407;1967;M4 / 105;01:27:31
579;2757;K / 67;1978;K3 / 20;01:39:25
580;3539;M / 376;1983;M3 / 137;01:24:53
581;2805;M / 405;2003;MM / 23;01:27:21
582;212;M / 320;1982;M3 / 115;01:21:02
583;666;K / 17;1978;K3 / 5;01:15:58
584;3472;M / 341;1994;M2 / 44;01:22:10
585;2237;M / 18;2000;M1 / 4;00:59:10
586;2744;M / 237;1980;M3 / 81;01:16:31
587;671;M / 131;1971;M4 / 27;01:09:10
588;3566;M / 446;1987;M2 / 52;01:34:54
589;3199;M / 414;1988;M2 / 49;01:28:04
590;824;M / 214;2004;MM / 9;01:15:02
591;638;M / 218;1971;M4 / 53;01:15:07
592;1912;M / 365;1977;M3 / 129;01:24:18
593;3405;M / 415;2005;MM / 24;01:28:08
594;1823;M / 39;2002;M0 / 5;01:02:31
595;3208;K / 42;2001;K0 / 8;01:26:28
596;863;M / 400;1948;M6 / 17;01:27:03
597;3227;M / 70;1972;M4 / 12;01:05:01
598;3578;K / 83;1998;K2 / 22;01:57:19
